ffd9bb,::1,GET,http://localhost:8080/mes-vehicules,1492078032,,500
cf053c,::1,GET,http://localhost:8080/favicon.ico/,1492078033,,200
ffa126,::1,GET,http://localhost:8080/favicon.ico/,1492078113,,200
48f06d,::1,GET,http://localhost:8080/favicon.ico/,1492078119,,200
9d3c01,::1,GET,http://localhost:8080/favicon.ico/,1492078134,,200
d28463,::1,GET,http://localhost:8080/favicon.ico/,1492078147,,200
e8e4fb,::1,GET,http://localhost:8080/mes-vehicules,1492078151,,500
534ccc,::1,GET,http://localhost:8080/favicon.ico/,1492078153,,200
79e7c4,::1,GET,http://localhost:8080/favicon.ico/,1492078177,,200
f430a2,::1,GET,http://localhost:8080/favicon.ico/,1492078182,,200
3f0e57,::1,GET,http://localhost:8080/mes-vehicules,1492078255,,500
6cf57e,::1,GET,http://localhost:8080/favicon.ico/,1492078257,,200
0fc3e8,::1,GET,http://localhost:8080/mes-vehicules,1492078274,,500
e490fe,::1,GET,http://localhost:8080/favicon.ico/,1492078275,,200
08b15d,::1,GET,http://localhost:8080/mes-vehicules,1492078286,,500
fb1a04,::1,GET,http://localhost:8080/favicon.ico/,1492078287,,200
77c99c,::1,GET,http://localhost:8080/mes-vehicules,1492078339,,200
d2ef61,::1,GET,http://localhost:8080/font-awesome/css/font-awesome.min.css/,1492078339,,200
00f932,::1,GET,http://localhost:8080/css/main.css/,1492078339,,200
2752c4,::1,GET,http://localhost:8080/images/1.jpg/,1492078340,,200
54e790,::1,GET,http://localhost:8080/favicon.ico/,1492078341,,200
980698,::1,GET,http://localhost:8080/favicon.ico/,1492078359,,200
2cca63,::1,GET,http://localhost:8080/favicon.ico/,1492078365,,200
2d7281,::1,GET,http://localhost:8080/favicon.ico/,1492078370,,200
9717f5,::1,GET,http://localhost:8080/favicon.ico/,1492078375,,200
b61b66,::1,GET,http://localhost:8080/favicon.ico/,1492078390,,200
6b4e5c,::1,GET,http://localhost:8080/favicon.ico/,1492078490,,200
c4371f,::1,GET,http://localhost:8080/favicon.ico/,1492078502,,200
c02f4f,::1,GET,http://localhost:8080/mes-vehicules,1492078903,,500
83972e,::1,GET,http://localhost:8080/favicon.ico/,1492078904,,200
424032,::1,GET,http://localhost:8080/mes-vehicules,1492078917,,500
5523bb,::1,GET,http://localhost:8080/favicon.ico/,1492078918,,200
c74973,::1,GET,http://localhost:8080/favicon.ico/,1492078939,,200
19b4fd,::1,GET,http://localhost:8080/favicon.ico/,1492078947,,200
b7d4e1,::1,GET,http://localhost:8080/favicon.ico/,1492078967,,200
9ea5de,::1,GET,http://localhost:8080/mes-vehicules,1492078979,,200
263a96,::1,GET,http://localhost:8080/font-awesome/css/font-awesome.min.css/,1492078979,,200
095ff8,::1,GET,http://localhost:8080/css/main.css/,1492078980,,200
309ad5,::1,GET,http://localhost:8080/images/1.jpg/,1492078980,,200
6afd67,::1,GET,http://localhost:8080/favicon.ico/,1492078981,,200
05eb51,::1,GET,http://localhost:8080/mes-vehicules,1492079048,,500
fbf59a,::1,GET,http://localhost:8080/favicon.ico/,1492079049,,200
956912,::1,GET,http://localhost:8080/favicon.ico/,1492079054,,200
a3cc6e,::1,GET,http://localhost:8080/favicon.ico/,1492079067,,200
d26789,::1,GET,http://localhost:8080/favicon.ico/,1492079112,,200
d7690a,::1,GET,http://localhost:8080/favicon.ico/,1492079139,,200
15191b,::1,GET,http://localhost:8080/vehicules,1492079141,,200
a0970c,::1,GET,http://localhost:8080/css/main.css/,1492079141,,200
0ce2bb,::1,GET,http://localhost:8080/font-awesome/css/font-awesome.min.css/,1492079142,,200
02c7e1,::1,GET,http://localhost:8080/images/1.jpg/,1492079142,,200
cac20c,::1,GET,http://localhost:8080/favicon.ico/,1492079143,,200
721d39,::1,GET,http://localhost:8080/vehicule/details/2,1492079198,,200
859a41,::1,GET,http://localhost:8080/css/main.css/,1492079199,,200
ddf340,::1,GET,http://localhost:8080/font-awesome/css/font-awesome.min.css/,1492079199,,200
1055c2,::1,GET,http://localhost:8080/images/1.jpg/,1492079199,,200
135fd2,::1,GET,http://localhost:8080/vehicule/details/3,1492079203,,200
750f68,::1,GET,http://localhost:8080/css/main.css/,1492079203,,200
717416,::1,GET,http://localhost:8080/font-awesome/css/font-awesome.min.css/,1492079203,,200
575556,::1,GET,http://localhost:8080/images/1.jpg/,1492079204,,200
f0ae77,::1,GET,http://localhost:8080/vehicule/details/23,1492079207,,200
9deb23,::1,GET,http://localhost:8080/css/main.css/,1492079207,,200
775975,::1,GET,http://localhost:8080/font-awesome/css/font-awesome.min.css/,1492079207,,200
71625b,::1,GET,http://localhost:8080/images/1.jpg/,1492079208,,200
19bb65,::1,GET,http://localhost:8080/vehicules,1492079277,,200
f81a23,::1,GET,http://localhost:8080/css/main.css/,1492079277,,200
1a6ff5,::1,GET,http://localhost:8080/font-awesome/css/font-awesome.min.css/,1492079277,,200
3f6ec9,::1,GET,http://localhost:8080/images/1.jpg/,1492079278,,200
320594,::1,GET,http://localhost:8080/favicon.ico/,1492079279,,200
d86277,::1,GET,http://localhost:8080/vehicules,1492079351,,200
749ed2,::1,GET,http://localhost:8080/css/main.css/,1492079351,,200
69966e,::1,GET,http://localhost:8080/font-awesome/css/font-awesome.min.css/,1492079352,,200
c4878e,::1,GET,http://localhost:8080/images/1.jpg/,1492079352,,200
fe22a1,::1,GET,http://localhost:8080/favicon.ico/,1492079353,,200
903ebc,::1,GET,http://localhost:8080/vehicules,1492079371,,200
d29ceb,::1,GET,http://localhost:8080/css/main.css/,1492079371,,200
821e7b,::1,GET,http://localhost:8080/font-awesome/css/font-awesome.min.css/,1492079371,,200
7fb636,::1,GET,http://localhost:8080/images/1.jpg/,1492079372,,200
9bfb0a,::1,GET,http://localhost:8080/favicon.ico/,1492079373,,200
0b2efe,::1,GET,http://localhost:8080/mes-vehicules,1492079376,,200
bb3654,::1,GET,http://localhost:8080/css/main.css/,1492079376,,200
50cde8,::1,GET,http://localhost:8080/font-awesome/css/font-awesome.min.css/,1492079377,,200
148921,::1,GET,http://localhost:8080/images/1.jpg/,1492079377,,200
291725,::1,GET,http://localhost:8080/favicon.ico/,1492079378,,200
dd79de,::1,GET,http://localhost:8080/favicon.ico/,1492079448,,200
ae5e77,::1,GET,http://localhost:8080/vehicules,1492079538,,200
c8dc45,::1,GET,http://localhost:8080/css/main.css/,1492079538,,200
cfbda4,::1,GET,http://localhost:8080/font-awesome/css/font-awesome.min.css/,1492079538,,200
1c2cc0,::1,GET,http://localhost:8080/images/1.jpg/,1492079539,,200
015b2c,::1,GET,http://localhost:8080/favicon.ico/,1492079540,,200
38be4f,::1,GET,http://localhost:8080/mes-vehicules,1492079543,,500
eee043,::1,GET,http://localhost:8080/favicon.ico/,1492079544,,200
d89651,::1,GET,http://localhost:8080/favicon.ico/,1492079563,,200
1e1c01,::1,GET,http://localhost:8080/favicon.ico/,1492079572,,200
ac2389,::1,GET,http://localhost:8080/mes-vehicules,1492079578,,500
43a058,::1,GET,http://localhost:8080/favicon.ico/,1492079579,,200
6be49d,::1,GET,http://localhost:8080/mes-vehicules,1492079591,,500
cf8680,::1,GET,http://localhost:8080/favicon.ico/,1492079593,,200
95574a,::1,GET,http://localhost:8080/favicon.ico/,1492079596,,200
e085f9,::1,GET,http://localhost:8080/mes-vehicules,1492079604,,500
490ffd,::1,GET,http://localhost:8080/favicon.ico/,1492079605,,200
87b7db,::1,GET,http://localhost:8080/mes-vehicules,1492079614,,200
ea8940,::1,GET,http://localhost:8080/font-awesome/css/font-awesome.min.css/,1492079615,,200
9d8d97,::1,GET,http://localhost:8080/css/main.css/,1492079615,,200
5e67c9,::1,GET,http://localhost:8080/images/1.jpg/,1492079615,,200
c35c38,::1,GET,http://localhost:8080/favicon.ico/,1492079616,,200
67c36b,::1,GET,http://localhost:8080/mes-vehicules,1492079676,,500
3647e3,::1,GET,http://localhost:8080/favicon.ico/,1492079678,,200
0fccd4,::1,GET,http://localhost:8080/favicon.ico/,1492079687,,200
62196c,::1,GET,http://localhost:8080/mes-vehicules,1492079714,,500
41c761,::1,GET,http://localhost:8080/favicon.ico/,1492079715,,200
5574e0,::1,GET,http://localhost:8080/favicon.ico/,1492079725,,200
9a7f3d,::1,GET,http://localhost:8080/mes-vehicules,1492079732,,500
ff2c04,::1,GET,http://localhost:8080/favicon.ico/,1492079733,,200
d44564,::1,GET,http://localhost:8080/favicon.ico/,1492079740,,200
6e8677,::1,GET,http://localhost:8080/favicon.ico/,1492079759,,200
43b5b6,::1,GET,http://localhost:8080/favicon.ico/,1492079765,,200
9d3493,::1,GET,http://localhost:8080/mes-vehicules,1492079769,,500
f31acb,::1,GET,http://localhost:8080/favicon.ico/,1492079770,,200
f41a3a,::1,GET,http://localhost:8080/mes-vehicules,1492079778,,200
32733d,::1,GET,http://localhost:8080/font-awesome/css/font-awesome.min.css/,1492079778,,200
d6d460,::1,GET,http://localhost:8080/css/main.css/,1492079779,,200
110c3b,::1,GET,http://localhost:8080/images/1.jpg/,1492079779,,200
d25d0d,::1,GET,http://localhost:8080/favicon.ico/,1492079780,,200
1ef7fb,::1,GET,http://localhost:8080/vehicules,1492079852,,200
9afba8,::1,GET,http://localhost:8080/css/main.css/,1492079853,,200
8aaa47,::1,GET,http://localhost:8080/font-awesome/css/font-awesome.min.css/,1492079853,,200
0c3108,::1,GET,http://localhost:8080/images/1.jpg/,1492079853,,200
e30990,::1,GET,http://localhost:8080/favicon.ico/,1492079854,,200
dcc485,::1,GET,http://localhost:8080/images/1.jpg/,1492079856,,200
d4925e,::1,GET,http://localhost:8080/favicon.ico/,1492079856,,200
74855a,::1,GET,http://localhost:8080/vehicules,1492079869,,200
9b8c29,::1,GET,http://localhost:8080/css/main.css/,1492079870,,200
d4d60d,::1,GET,http://localhost:8080/font-awesome/css/font-awesome.min.css/,1492079870,,200
9f1362,::1,GET,http://localhost:8080/images/1.jpg/,1492079870,,200
350dfe,::1,GET,http://localhost:8080/favicon.ico/,1492079871,,200
020308,::1,GET,http://localhost:8080/images/1.jpg/,1492079874,,200
84233c,::1,GET,http://localhost:8080/favicon.ico/,1492079874,,200
908ce0,::1,GET,http://localhost:8080/vehicule/new,1492079882,,200
e8e600,::1,GET,http://localhost:8080/css/main.css/,1492079882,,200
7f9f09,::1,GET,http://localhost:8080/font-awesome/css/font-awesome.min.css/,1492079882,,200
4724e0,::1,GET,http://localhost:8080/multidatespicker/jquery-ui.multidatespicker.js/,1492079883,,200
a23d2a,::1,GET,http://localhost:8080/favicon.ico/,1492079884,,200
c9176f,::1,GET,http://localhost:8080/images/1.jpg/,1492079886,,200
a20c06,::1,GET,http://localhost:8080/favicon.ico/,1492079887,,200
a68308,::1,GET,http://localhost:8080/,1492079887,,200
65d604,::1,GET,http://localhost:8080/css/main.css/,1492079887,,200
2802bf,::1,GET,http://localhost:8080/font-awesome/css/font-awesome.min.css/,1492079888,,200
0c2c0f,::1,GET,http://localhost:8080/images/1.jpg/,1492079888,,200
e09b14,::1,GET,http://localhost:8080/favicon.ico/,1492079889,,200
846657,::1,GET,http://localhost:8080/vehicules,1492079891,,200
357aba,::1,GET,http://localhost:8080/css/main.css/,1492079891,,200
2ae1e0,::1,GET,http://localhost:8080/font-awesome/css/font-awesome.min.css/,1492079891,,200
13fbc4,::1,GET,http://localhost:8080/images/1.jpg/,1492079892,,200
d01d90,::1,GET,http://localhost:8080/favicon.ico/,1492079893,,200
81b7a6,::1,GET,http://localhost:8080/favicon.ico/,1492080215,,200
94250f,::1,GET,http://localhost:8080/vehicules,1492080227,,200
5b0879,::1,GET,http://localhost:8080/font-awesome/css/font-awesome.min.css/,1492080227,,200
8662f4,::1,GET,http://localhost:8080/css/main.css/,1492080228,,200
e0217b,::1,GET,http://localhost:8080/images/1.jpg/,1492080228,,200
8f1ebd,::1,GET,http://localhost:8080/favicon.ico/,1492080229,,200
020b01,::1,GET,http://localhost:8080/vehicules,1492080262,,200
ed29dc,::1,GET,http://localhost:8080/font-awesome/css/font-awesome.min.css/,1492080262,,200
517fa0,::1,GET,http://localhost:8080/css/main.css/,1492080263,,200
27d8cc,::1,GET,http://localhost:8080/images/1.jpg/,1492080263,,200
ac6bf6,::1,GET,http://localhost:8080/favicon.ico/,1492080264,,200
acb6f3,::1,GET,http://localhost:8080/,1492080367,,200
48f975,::1,GET,http://localhost:8080/css/main.css/,1492080368,,200
63d220,::1,GET,http://localhost:8080/font-awesome/css/font-awesome.min.css/,1492080368,,200
6d1b5c,::1,GET,http://localhost:8080/images/1.jpg/,1492080368,,200
8777aa,::1,GET,http://localhost:8080/favicon.ico/,1492080369,,200
f157e3,::1,GET,http://localhost:8080/location/pending,1492080560,,200
b66279,::1,GET,http://localhost:8080/css/main.css/,1492080560,,200
df9c11,::1,GET,http://localhost:8080/font-awesome/css/font-awesome.min.css/,1492080560,,200
7c5896,::1,GET,http://localhost:8080/favicon.ico/,1492080572,,200
b01cc0,::1,GET,http://localhost:8080/location/pending,1492080580,,200
a2bef8,::1,GET,http://localhost:8080/css/main.css/,1492080580,,200
899bda,::1,GET,http://localhost:8080/font-awesome/css/font-awesome.min.css/,1492080580,,200
6c7f10,::1,GET,http://localhost:8080/location/images/1.jpg,1492080580,,404
6d00de,::1,GET,http://localhost:8080/favicon.ico/,1492080581,,200
456c9b,::1,GET,http://localhost:8080/location/pending,1492080683,,200
61504d,::1,GET,http://localhost:8080/css/main.css/,1492080683,,200
b32924,::1,GET,http://localhost:8080/font-awesome/css/font-awesome.min.css/,1492080684,,200
ea88c8,::1,GET,http://localhost:8080/location/images/1.jpg,1492080684,,404
052511,::1,GET,http://localhost:8080/favicon.ico/,1492080685,,200
932a3b,::1,GET,http://localhost:8080/location/pending,1492080700,,200
d26172,::1,GET,http://localhost:8080/css/main.css/,1492080700,,200
cbdb5e,::1,GET,http://localhost:8080/font-awesome/css/font-awesome.min.css/,1492080700,,200
489a69,::1,GET,http://localhost:8080/favicon.ico/,1492080701,,200
22eb40,::1,GET,http://localhost:8080/location/pending,1492080709,,200
48ff6e,::1,GET,http://localhost:8080/css/main.css/,1492080710,,200
e414c9,::1,GET,http://localhost:8080/font-awesome/css/font-awesome.min.css/,1492080710,,200
bc76c6,::1,GET,http://localhost:8080/favicon.ico/,1492080711,,200
867ea1,::1,GET,http://localhost:8080/location/pending,1492080717,,200
4b1030,::1,GET,http://localhost:8080/css/main.css/,1492080717,,200
3d6a5f,::1,GET,http://localhost:8080/font-awesome/css/font-awesome.min.css/,1492080717,,200
976a19,::1,GET,http://localhost:8080/location/images/1.jpg,1492080718,,404
1ec537,::1,GET,http://localhost:8080/favicon.ico/,1492080719,,200
c46f40,::1,GET,http://localhost:8080/location/valid/3,1492080728,,302
918cc1,::1,GET,http://localhost:8080/location/en-cours,1492080728,,200
c3c596,::1,GET,http://localhost:8080/css/main.css/,1492080728,,200
896a59,::1,GET,http://localhost:8080/font-awesome/css/font-awesome.min.css/,1492080729,,200
8accd0,::1,GET,http://localhost:8080/favicon.ico/,1492080729,,200
681987,::1,GET,http://localhost:8080/location/en-cours,1492080750,,200
eebea3,::1,GET,http://localhost:8080/css/main.css/,1492080750,,200
8589cf,::1,GET,http://localhost:8080/font-awesome/css/font-awesome.min.css/,1492080750,,200
829607,::1,GET,http://localhost:8080/location/images/1.jpg,1492080751,,404
d62dd7,::1,GET,http://localhost:8080/favicon.ico/,1492080751,,200
20c0a8,::1,GET,http://localhost:8080/location/pending,1492080752,,200
d78b3b,::1,GET,http://localhost:8080/css/main.css/,1492080752,,200
eeb5b7,::1,GET,http://localhost:8080/font-awesome/css/font-awesome.min.css/,1492080753,,200
c22d4c,::1,GET,http://localhost:8080/favicon.ico/,1492080753,,200
a68d9b,::1,GET,http://localhost:8080/location/en-cours,1492080754,,200
7c5413,::1,GET,http://localhost:8080/css/main.css/,1492080754,,200
f3bfbb,::1,GET,http://localhost:8080/font-awesome/css/font-awesome.min.css/,1492080754,,200
366de7,::1,GET,http://localhost:8080/location/images/1.jpg,1492080755,,404
bf457c,::1,GET,http://localhost:8080/favicon.ico/,1492080756,,200
38f520,::1,GET,http://localhost:8080/location/terminees,1492080757,,200
7f85e1,::1,GET,http://localhost:8080/css/main.css/,1492080757,,200
71c314,::1,GET,http://localhost:8080/font-awesome/css/font-awesome.min.css/,1492080757,,200
4342b7,::1,GET,http://localhost:8080/favicon.ico/,1492080758,,200
3ce42c,::1,GET,http://localhost:8080/location/en-cours,1492080759,,200
5df256,::1,GET,http://localhost:8080/css/main.css/,1492080759,,200
363666,::1,GET,http://localhost:8080/font-awesome/css/font-awesome.min.css/,1492080759,,200
39267c,::1,GET,http://localhost:8080/location/images/1.jpg,1492080760,,404
d22d35,::1,GET,http://localhost:8080/favicon.ico/,1492080761,,200
6fa9c9,::1,GET,http://localhost:8080/location/terminees,1492080761,,200
9f6ce4,::1,GET,http://localhost:8080/css/main.css/,1492080761,,200
ee0b74,::1,GET,http://localhost:8080/font-awesome/css/font-awesome.min.css/,1492080761,,200
3a6b6a,::1,GET,http://localhost:8080/favicon.ico/,1492080762,,200
149150,::1,GET,http://localhost:8080/location/en-cours,1492080824,,200
dda798,::1,GET,http://localhost:8080/css/main.css/,1492080824,,200
cf6e05,::1,GET,http://localhost:8080/font-awesome/css/font-awesome.min.css/,1492080824,,200
6fdf83,::1,GET,http://localhost:8080/location/images/1.jpg,1492080824,,404
3bee4e,::1,GET,http://localhost:8080/favicon.ico/,1492080825,,200
17e017,::1,GET,http://localhost:8080/location/terminees,1492080826,,200
a01948,::1,GET,http://localhost:8080/css/main.css/,1492080826,,200
6c29da,::1,GET,http://localhost:8080/font-awesome/css/font-awesome.min.css/,1492080826,,200
9842ee,::1,GET,http://localhost:8080/favicon.ico/,1492080827,,200
fa0242,::1,GET,http://localhost:8080/location/terminees,1492080845,,200
ff6508,::1,GET,http://localhost:8080/css/main.css/,1492080845,,200
1d8616,::1,GET,http://localhost:8080/font-awesome/css/font-awesome.min.css/,1492080845,,200
35bcfe,::1,GET,http://localhost:8080/location/images/1.jpg,1492080846,,404
c7d452,::1,GET,http://localhost:8080/favicon.ico/,1492080847,,200
723e7c,::1,GET,http://localhost:8080/location/en-cours,1492080847,,200
1e6db2,::1,GET,http://localhost:8080/css/main.css/,1492080848,,200
6b3cee,::1,GET,http://localhost:8080/font-awesome/css/font-awesome.min.css/,1492080848,,200
3130ab,::1,GET,http://localhost:8080/favicon.ico/,1492080849,,200
d342a3,::1,GET,http://localhost:8080/location/pending,1492080850,,200
56b079,::1,GET,http://localhost:8080/css/main.css/,1492080850,,200
a94fbd,::1,GET,http://localhost:8080/font-awesome/css/font-awesome.min.css/,1492080850,,200
01ae94,::1,GET,http://localhost:8080/favicon.ico/,1492080851,,200
6db1ca,::1,GET,http://localhost:8080/location/terminees,1492080852,,200
5c2a9f,::1,GET,http://localhost:8080/css/main.css/,1492080852,,200
034081,::1,GET,http://localhost:8080/font-awesome/css/font-awesome.min.css/,1492080853,,200
f3ef9e,::1,GET,http://localhost:8080/location/images/1.jpg,1492080853,,404
afee36,::1,GET,http://localhost:8080/favicon.ico/,1492080854,,200
4407d5,::1,GET,http://localhost:8080/location/terminees,1492080931,,200
f96cca,::1,GET,http://localhost:8080/css/main.css/,1492080932,,200
c9ca61,::1,GET,http://localhost:8080/font-awesome/css/font-awesome.min.css/,1492080932,,200
4e8f32,::1,GET,http://localhost:8080/location/images/1.jpg,1492080932,,404
af1730,::1,GET,http://localhost:8080/favicon.ico/,1492080933,,200
4163fa,::1,GET,http://localhost:8080/location/en-cours,1492080943,,200
c39c28,::1,GET,http://localhost:8080/css/main.css/,1492080943,,200
95ed9d,::1,GET,http://localhost:8080/font-awesome/css/font-awesome.min.css/,1492080944,,200
2101a8,::1,GET,http://localhost:8080/favicon.ico/,1492080945,,200
215af3,::1,GET,http://localhost:8080/location/en-cours,1492080958,,200
733594,::1,GET,http://localhost:8080/css/main.css/,1492080959,,200
7d3d5a,::1,GET,http://localhost:8080/font-awesome/css/font-awesome.min.css/,1492080959,,200
f7c89d,::1,GET,http://localhost:8080/favicon.ico/,1492080960,,200
9718e4,::1,GET,http://localhost:8080/location/terminees,1492080960,,200
7e6675,::1,GET,http://localhost:8080/css/main.css/,1492080961,,200
80892f,::1,GET,http://localhost:8080/font-awesome/css/font-awesome.min.css/,1492080961,,200
7e3d75,::1,GET,http://localhost:8080/location/images/1.jpg,1492080961,,404
33edb4,::1,GET,http://localhost:8080/favicon.ico/,1492080962,,200
696726,::1,GET,http://localhost:8080/location/en-cours,1492080962,,200
1d2e88,::1,GET,http://localhost:8080/css/main.css/,1492080962,,200
067712,::1,GET,http://localhost:8080/font-awesome/css/font-awesome.min.css/,1492080963,,200
c5f71c,::1,GET,http://localhost:8080/favicon.ico/,1492080964,,200
dade20,::1,GET,http://localhost:8080/location/terminees,1492080974,,200
3dd952,::1,GET,http://localhost:8080/css/main.css/,1492080974,,200
a2d6c1,::1,GET,http://localhost:8080/font-awesome/css/font-awesome.min.css/,1492080974,,200
c91b10,::1,GET,http://localhost:8080/location/images/1.jpg,1492080975,,404
fd0683,::1,GET,http://localhost:8080/favicon.ico/,1492080976,,200
240ef2,::1,GET,http://localhost:8080/location/terminees,1492080993,,200
4c80cb,::1,GET,http://localhost:8080/css/main.css/,1492080993,,200
381eb0,::1,GET,http://localhost:8080/font-awesome/css/font-awesome.min.css/,1492080993,,200
0ccc52,::1,GET,http://localhost:8080/location/images/1.jpg,1492080994,,404
ed64e3,::1,GET,http://localhost:8080/favicon.ico/,1492080994,,200
01d06c,::1,GET,http://localhost:8080/location/en-cours,1492080996,,200
65d9e2,::1,GET,http://localhost:8080/css/main.css/,1492080996,,200
ae852b,::1,GET,http://localhost:8080/font-awesome/css/font-awesome.min.css/,1492080996,,200
f1b83d,::1,GET,http://localhost:8080/favicon.ico/,1492080997,,200
2c10dd,::1,GET,http://localhost:8080/location/en-cours,1492081141,,200
63248b,::1,GET,http://localhost:8080/font-awesome/css/font-awesome.min.css/,1492081142,,200
1466f9,::1,GET,http://localhost:8080/css/main.css/,1492081142,,200
cc57c2,::1,GET,http://localhost:8080/favicon.ico/,1492081143,,200
d9ea92,::1,GET,http://localhost:8080/location/pending,1492081153,,200
ced1b6,::1,GET,http://localhost:8080/css/main.css/,1492081153,,200
d93017,::1,GET,http://localhost:8080/font-awesome/css/font-awesome.min.css/,1492081153,,200
f357a8,::1,GET,http://localhost:8080/favicon.ico/,1492081154,,200
7b999b,::1,GET,http://localhost:8080/vehicules,1492081156,,200
a152d9,::1,GET,http://localhost:8080/font-awesome/css/font-awesome.min.css/,1492081156,,200
c0d9cc,::1,GET,http://localhost:8080/css/main.css/,1492081156,,200
62c796,::1,GET,http://localhost:8080/images/1.jpg/,1492081156,,200
ae1e93,::1,GET,http://localhost:8080/favicon.ico/,1492081157,,200
01a70e,::1,GET,http://localhost:8080/vehicule/details/1,1492081158,,200
54f3a5,::1,GET,http://localhost:8080/css/main.css/,1492081159,,200
783c8c,::1,GET,http://localhost:8080/font-awesome/css/font-awesome.min.css/,1492081159,,200
e18ce6,::1,GET,http://localhost:8080/images/1.jpg/,1492081159,,200
120a7c,::1,GET,http://localhost:8080/favicon.ico/,1492081160,,200
9e01e6,::1,GET,http://localhost:8080/location/new?cars_id=1&date_end=06%2F06%2F2017&date_start=06%2F04%2F2017,1492081167,,302
9b6ecd,::1,GET,http://localhost:8080/vehicule/details/1,1492081168,,200
06a255,::1,GET,http://localhost:8080/css/main.css/,1492081168,,200
9eaff8,::1,GET,http://localhost:8080/font-awesome/css/font-awesome.min.css/,1492081168,,200
4de849,::1,GET,http://localhost:8080/images/1.jpg/,1492081168,,200
908b14,::1,GET,http://localhost:8080/favicon.ico/,1492081169,,200
5ef8ed,::1,GET,http://localhost:8080/location/pending,1492081171,,200
eb6c80,::1,GET,http://localhost:8080/font-awesome/css/font-awesome.min.css/,1492081171,,200
3fd401,::1,GET,http://localhost:8080/css/main.css/,1492081172,,200
0b22f7,::1,GET,http://localhost:8080/location/images/1.jpg,1492081172,,404
022f49,::1,GET,http://localhost:8080/favicon.ico/,1492081173,,200
d8f1cd,::1,GET,http://localhost:8080/location/en-cours,1492081188,,200
f03f7f,::1,GET,http://localhost:8080/css/main.css/,1492081188,,200
100f46,::1,GET,http://localhost:8080/font-awesome/css/font-awesome.min.css/,1492081189,,200
01a769,::1,GET,http://localhost:8080/favicon.ico/,1492081189,,200
1a0594,::1,GET,http://localhost:8080/location/terminees,1492081190,,200
3c9087,::1,GET,http://localhost:8080/css/main.css/,1492081190,,200
13b398,::1,GET,http://localhost:8080/font-awesome/css/font-awesome.min.css/,1492081190,,200
f468d3,::1,GET,http://localhost:8080/location/images/1.jpg,1492081190,,404
32da9b,::1,GET,http://localhost:8080/favicon.ico/,1492081191,,200
fbd876,::1,GET,http://localhost:8080/location/pending,1492081191,,200
dbfc78,::1,GET,http://localhost:8080/css/main.css/,1492081192,,200
fbbdd6,::1,GET,http://localhost:8080/font-awesome/css/font-awesome.min.css/,1492081192,,200
ab12f5,::1,GET,http://localhost:8080/location/images/1.jpg,1492081192,,404
b92215,::1,GET,http://localhost:8080/favicon.ico/,1492081193,,200
41fc90,::1,GET,http://localhost:8080/location/valid/4,1492081193,,302
e5f1d6,::1,GET,http://localhost:8080/location/en-cours,1492081194,,200
d813d1,::1,GET,http://localhost:8080/css/main.css/,1492081194,,200
d61044,::1,GET,http://localhost:8080/font-awesome/css/font-awesome.min.css/,1492081194,,200
29fdad,::1,GET,http://localhost:8080/favicon.ico/,1492081195,,200
f04ebc,::1,GET,http://localhost:8080/location/en-cours,1492081242,,200
20567a,::1,GET,http://localhost:8080/font-awesome/css/font-awesome.min.css/,1492081242,,200
051f4b,::1,GET,http://localhost:8080/css/main.css/,1492081242,,200
fd5d54,::1,GET,http://localhost:8080/favicon.ico/,1492081243,,200
9f96ae,::1,GET,http://localhost:8080/location/pending,1492081244,,200
966f84,::1,GET,http://localhost:8080/css/main.css/,1492081244,,200
60f560,::1,GET,http://localhost:8080/font-awesome/css/font-awesome.min.css/,1492081244,,200
ff87a9,::1,GET,http://localhost:8080/favicon.ico/,1492081245,,200
ebbfa7,::1,GET,http://localhost:8080/location/en-cours,1492081246,,200
bed5c2,::1,GET,http://localhost:8080/css/main.css/,1492081246,,200
006ef3,::1,GET,http://localhost:8080/font-awesome/css/font-awesome.min.css/,1492081246,,200
0decc9,::1,GET,http://localhost:8080/favicon.ico/,1492081247,,200
876ae2,::1,GET,http://localhost:8080/location/en-cours,1492081276,,200
99a356,::1,GET,http://localhost:8080/font-awesome/css/font-awesome.min.css/,1492081276,,200
45a97e,::1,GET,http://localhost:8080/css/main.css/,1492081276,,200
3558de,::1,GET,http://localhost:8080/favicon.ico/,1492081277,,200
bbd7a1,::1,GET,http://localhost:8080/location/pending,1492081278,,200
99955e,::1,GET,http://localhost:8080/css/main.css/,1492081278,,200
0e1ba7,::1,GET,http://localhost:8080/font-awesome/css/font-awesome.min.css/,1492081278,,200
f93d08,::1,GET,http://localhost:8080/favicon.ico/,1492081279,,200
55da82,::1,GET,http://localhost:8080/location/en-cours,1492081279,,200
eb12f5,::1,GET,http://localhost:8080/css/main.css/,1492081280,,200
416124,::1,GET,http://localhost:8080/font-awesome/css/font-awesome.min.css/,1492081280,,200
6c20ff,::1,GET,http://localhost:8080/favicon.ico/,1492081281,,200
95aeb9,::1,GET,http://localhost:8080/location/en-cours,1492081299,,200
e333cc,::1,GET,http://localhost:8080/font-awesome/css/font-awesome.min.css/,1492081299,,200
2351ab,::1,GET,http://localhost:8080/css/main.css/,1492081299,,200
c1fca8,::1,GET,http://localhost:8080/location/images/1.jpg,1492081299,,404
f813f9,::1,GET,http://localhost:8080/favicon.ico/,1492081300,,200
a34a34,::1,GET,http://localhost:8080/location/terminees,1492081315,,200
804b74,::1,GET,http://localhost:8080/css/main.css/,1492081315,,200
fe660f,::1,GET,http://localhost:8080/font-awesome/css/font-awesome.min.css/,1492081316,,200
487ac5,::1,GET,http://localhost:8080/location/images/1.jpg,1492081316,,404
35ff7d,::1,GET,http://localhost:8080/favicon.ico/,1492081317,,200
736bcf,::1,GET,http://localhost:8080/location/en-cours,1492081317,,200
3471c0,::1,GET,http://localhost:8080/css/main.css/,1492081317,,200
e1cd68,::1,GET,http://localhost:8080/font-awesome/css/font-awesome.min.css/,1492081318,,200
1026a7,::1,GET,http://localhost:8080/location/images/1.jpg,1492081318,,404
5dc4d9,::1,GET,http://localhost:8080/favicon.ico/,1492081319,,200
5eabc3,::1,GET,http://localhost:8080/location/terminees,1492081331,,200
f025a4,::1,GET,http://localhost:8080/css/main.css/,1492081332,,200
24878d,::1,GET,http://localhost:8080/font-awesome/css/font-awesome.min.css/,1492081332,,200
bcf815,::1,GET,http://localhost:8080/location/images/1.jpg,1492081332,,404
e34ecf,::1,GET,http://localhost:8080/favicon.ico/,1492081333,,200
07b082,::1,GET,http://localhost:8080/location/en-cours,1492081333,,200
be3a87,::1,GET,http://localhost:8080/css/main.css/,1492081333,,200
832f93,::1,GET,http://localhost:8080/font-awesome/css/font-awesome.min.css/,1492081334,,200
53dbaa,::1,GET,http://localhost:8080/location/images/1.jpg,1492081334,,404
7cdc8d,::1,GET,http://localhost:8080/favicon.ico/,1492081335,,200
6ad12d,::1,GET,http://localhost:8080/location/terminees,1492081335,,200
267683,::1,GET,http://localhost:8080/css/main.css/,1492081335,,200
9fc98f,::1,GET,http://localhost:8080/font-awesome/css/font-awesome.min.css/,1492081335,,200
0c6c1b,::1,GET,http://localhost:8080/location/images/1.jpg,1492081336,,404
b527f3,::1,GET,http://localhost:8080/favicon.ico/,1492081336,,200
89501c,::1,GET,http://localhost:8080/location/terminees,1492081360,,200
3a0f94,::1,GET,http://localhost:8080/css/main.css/,1492081361,,200
d52804,::1,GET,http://localhost:8080/font-awesome/css/font-awesome.min.css/,1492081361,,200
4c2436,::1,GET,http://localhost:8080/favicon.ico/,1492081362,,200
bb1477,::1,GET,http://localhost:8080/location/terminees,1492081368,,200
045a9b,::1,GET,http://localhost:8080/font-awesome/css/font-awesome.min.css/,1492081368,,200
16579e,::1,GET,http://localhost:8080/css/main.css/,1492081369,,200
af36c5,::1,GET,http://localhost:8080/location/images/1.jpg,1492081369,,404
ab093b,::1,GET,http://localhost:8080/favicon.ico/,1492081370,,200
ee9c45,::1,GET,http://localhost:8080/location/en-cours,1492081387,,200
1f544f,::1,GET,http://localhost:8080/css/main.css/,1492081388,,200
907eb7,::1,GET,http://localhost:8080/font-awesome/css/font-awesome.min.css/,1492081388,,200
29cc77,::1,GET,http://localhost:8080/location/images/1.jpg,1492081388,,404
441834,::1,GET,http://localhost:8080/favicon.ico/,1492081389,,200
57fdf5,::1,GET,http://localhost:8080/location/terminees,1492081389,,200
e4f068,::1,GET,http://localhost:8080/css/main.css/,1492081389,,200
89adda,::1,GET,http://localhost:8080/font-awesome/css/font-awesome.min.css/,1492081390,,200
d20b3a,::1,GET,http://localhost:8080/location/images/1.jpg,1492081390,,404
94378f,::1,GET,http://localhost:8080/favicon.ico/,1492081391,,200
4bedad,::1,GET,http://localhost:8080/location/pending,1492081391,,200
7e06b8,::1,GET,http://localhost:8080/css/main.css/,1492081391,,200
0cfb54,::1,GET,http://localhost:8080/font-awesome/css/font-awesome.min.css/,1492081391,,200
279c0a,::1,GET,http://localhost:8080/favicon.ico/,1492081392,,200
b23b38,::1,GET,http://localhost:8080/location/en-cours,1492081392,,200
5c69af,::1,GET,http://localhost:8080/css/main.css/,1492081393,,200
bfd18c,::1,GET,http://localhost:8080/font-awesome/css/font-awesome.min.css/,1492081393,,200
79a170,::1,GET,http://localhost:8080/location/images/1.jpg,1492081393,,404
93e7aa,::1,GET,http://localhost:8080/favicon.ico/,1492081394,,200
35b07e,::1,GET,http://localhost:8080/location/terminees,1492081394,,200
2029a4,::1,GET,http://localhost:8080/css/main.css/,1492081394,,200
37a882,::1,GET,http://localhost:8080/font-awesome/css/font-awesome.min.css/,1492081395,,200
d0af6e,::1,GET,http://localhost:8080/location/images/1.jpg,1492081395,,404
7c312b,::1,GET,http://localhost:8080/favicon.ico/,1492081396,,200
8b28bb,::1,GET,http://localhost:8080/location/en-cours,1492081397,,200
3a2a53,::1,GET,http://localhost:8080/css/main.css/,1492081397,,200
26bb7b,::1,GET,http://localhost:8080/font-awesome/css/font-awesome.min.css/,1492081398,,200
56d9a3,::1,GET,http://localhost:8080/location/images/1.jpg,1492081398,,404
909f10,::1,GET,http://localhost:8080/favicon.ico/,1492081399,,200
b0f611,::1,GET,http://localhost:8080/location/terminees,1492081399,,200
80e28c,::1,GET,http://localhost:8080/css/main.css/,1492081399,,200
3ee36d,::1,GET,http://localhost:8080/font-awesome/css/font-awesome.min.css/,1492081399,,200
f7bccf,::1,GET,http://localhost:8080/location/images/1.jpg,1492081400,,404
6a6567,::1,GET,http://localhost:8080/favicon.ico/,1492081400,,200
9e3183,::1,GET,http://localhost:8080/location/en-cours,1492081401,,200
797d92,::1,GET,http://localhost:8080/css/main.css/,1492081401,,200
4ab305,::1,GET,http://localhost:8080/font-awesome/css/font-awesome.min.css/,1492081402,,200
5eda59,::1,GET,http://localhost:8080/location/images/1.jpg,1492081402,,404
0616a5,::1,GET,http://localhost:8080/favicon.ico/,1492081403,,200
2a374f,::1,GET,http://localhost:8080/location/terminees,1492081415,,200
5faa1d,::1,GET,http://localhost:8080/css/main.css/,1492081415,,200
6d8ac7,::1,GET,http://localhost:8080/font-awesome/css/font-awesome.min.css/,1492081415,,200
a2666a,::1,GET,http://localhost:8080/location/images/1.jpg,1492081416,,404
691a18,::1,GET,http://localhost:8080/favicon.ico/,1492081416,,200
f3b978,::1,GET,http://localhost:8080/location/terminees,1492081425,,200
02323d,::1,GET,http://localhost:8080/css/main.css/,1492081426,,200
384303,::1,GET,http://localhost:8080/font-awesome/css/font-awesome.min.css/,1492081426,,200
08ae0d,::1,GET,http://localhost:8080/location/images/1.jpg,1492081426,,404
e10aeb,::1,GET,http://localhost:8080/favicon.ico/,1492081427,,200
09dc6d,::1,GET,http://localhost:8080/location/terminees,1492081454,,200
93bc8d,::1,GET,http://localhost:8080/css/main.css/,1492081454,,200
1e19f0,::1,GET,http://localhost:8080/font-awesome/css/font-awesome.min.css/,1492081454,,200
3103bd,::1,GET,http://localhost:8080/location/images/1.jpg,1492081455,,404
9c576e,::1,GET,http://localhost:8080/favicon.ico/,1492081456,,200
8b4399,::1,GET,http://localhost:8080/location/terminees,1492081484,,200
853b92,::1,GET,http://localhost:8080/font-awesome/css/font-awesome.min.css/,1492081485,,200
dc69b6,::1,GET,http://localhost:8080/css/main.css/,1492081485,,200
71df3f,::1,GET,http://localhost:8080/location/images/1.jpg,1492081485,,404
435a5f,::1,GET,http://localhost:8080/favicon.ico/,1492081486,,200
eeac27,::1,GET,http://localhost:8080/location/pending,1492081486,,200
d8d836,::1,GET,http://localhost:8080/css/main.css/,1492081487,,200
f99eb1,::1,GET,http://localhost:8080/font-awesome/css/font-awesome.min.css/,1492081487,,200
e157f0,::1,GET,http://localhost:8080/favicon.ico/,1492081488,,200
b36dce,::1,GET,http://localhost:8080/location/en-cours,1492081488,,200
7ff1c6,::1,GET,http://localhost:8080/css/main.css/,1492081488,,200
2df2f7,::1,GET,http://localhost:8080/font-awesome/css/font-awesome.min.css/,1492081488,,200
04d032,::1,GET,http://localhost:8080/location/images/1.jpg,1492081489,,404
8fa1e5,::1,GET,http://localhost:8080/favicon.ico/,1492081489,,200
4c72cc,::1,GET,http://localhost:8080/location/pending,1492081515,,200
55fd14,::1,GET,http://localhost:8080/css/main.css/,1492081515,,200
027079,::1,GET,http://localhost:8080/font-awesome/css/font-awesome.min.css/,1492081515,,200
bd2902,::1,GET,http://localhost:8080/favicon.ico/,1492081516,,200
480acc,::1,GET,http://localhost:8080/location/en-cours,1492081521,,200
be5d29,::1,GET,http://localhost:8080/css/main.css/,1492081521,,200
bf9ea5,::1,GET,http://localhost:8080/font-awesome/css/font-awesome.min.css/,1492081521,,200
49daeb,::1,GET,http://localhost:8080/location/images/1.jpg,1492081522,,404
f7e74a,::1,GET,http://localhost:8080/favicon.ico/,1492081522,,200
89e545,::1,GET,http://localhost:8080/location/en-cours,1492081548,,200
858c26,::1,GET,http://localhost:8080/font-awesome/css/font-awesome.min.css/,1492081548,,200
4f2d35,::1,GET,http://localhost:8080/css/main.css/,1492081548,,200
4db580,::1,GET,http://localhost:8080/location/images/1.jpg,1492081549,,404
8119c5,::1,GET,http://localhost:8080/favicon.ico/,1492081549,,200
c32804,::1,GET,http://localhost:8080/location/en-cours,1492081580,,200
d94c1d,::1,GET,http://localhost:8080/font-awesome/css/font-awesome.min.css/,1492081580,,200
c4f04b,::1,GET,http://localhost:8080/css/main.css/,1492081581,,200
1eb29c,::1,GET,http://localhost:8080/location/images/1.jpg,1492081581,,404
f49be9,::1,GET,http://localhost:8080/favicon.ico/,1492081582,,200
0ec5f6,::1,GET,http://localhost:8080/location/en-cours,1492081602,,200
d4c180,::1,GET,http://localhost:8080/font-awesome/css/font-awesome.min.css/,1492081602,,200
f18f6f,::1,GET,http://localhost:8080/css/main.css/,1492081602,,200
9beaf8,::1,GET,http://localhost:8080/location/images/1.jpg,1492081602,,404
bf24b8,::1,GET,http://localhost:8080/favicon.ico/,1492081603,,200
0a57c4,::1,GET,http://localhost:8080/,1492081606,,200
aa484a,::1,GET,http://localhost:8080/css/main.css/,1492081606,,200
b9752d,::1,GET,http://localhost:8080/font-awesome/css/font-awesome.min.css/,1492081606,,200
603d77,::1,GET,http://localhost:8080/images/1.jpg/,1492081606,,200
62d537,::1,GET,http://localhost:8080/favicon.ico/,1492081607,,200
4cbcb7,::1,GET,http://localhost:8080/location/images/1.jpg,1492081608,,404
7b1598,::1,GET,http://localhost:8080/favicon.ico/,1492081609,,200
9a7849,::1,GET,http://localhost:8080/location/terminees,1492081610,,200
75c05f,::1,GET,http://localhost:8080/css/main.css/,1492081610,,200
c81481,::1,GET,http://localhost:8080/font-awesome/css/font-awesome.min.css/,1492081610,,200
b06ae8,::1,GET,http://localhost:8080/location/images/1.jpg,1492081611,,404
1978c3,::1,GET,http://localhost:8080/favicon.ico/,1492081611,,200
b9af54,::1,GET,http://localhost:8080/location/pending,1492081612,,200
8599ad,::1,GET,http://localhost:8080/css/main.css/,1492081612,,200
941800,::1,GET,http://localhost:8080/font-awesome/css/font-awesome.min.css/,1492081612,,200
252850,::1,GET,http://localhost:8080/favicon.ico/,1492081613,,200
e8b602,::1,GET,http://localhost:8080/location/en-cours,1492081657,,200
c1fed7,::1,GET,http://localhost:8080/css/main.css/,1492081657,,200
ab41d8,::1,GET,http://localhost:8080/font-awesome/css/font-awesome.min.css/,1492081658,,200
540254,::1,GET,http://localhost:8080/location/images/1.jpg,1492081658,,404
2ede57,::1,GET,http://localhost:8080/favicon.ico/,1492081659,,200
351fad,::1,GET,http://localhost:8080/location/terminees,1492081659,,200
9b2ba8,::1,GET,http://localhost:8080/css/main.css/,1492081659,,200
83a1e8,::1,GET,http://localhost:8080/font-awesome/css/font-awesome.min.css/,1492081660,,200
ca80b7,::1,GET,http://localhost:8080/location/images/1.jpg,1492081660,,404
c2afa4,::1,GET,http://localhost:8080/favicon.ico/,1492081661,,200
782e65,::1,GET,http://localhost:8080/,1492081665,,200
086416,::1,GET,http://localhost:8080/css/main.css/,1492081665,,200
e0d6cb,::1,GET,http://localhost:8080/font-awesome/css/font-awesome.min.css/,1492081666,,200
eb9a54,::1,GET,http://localhost:8080/images/1.jpg/,1492081666,,200
b73930,::1,GET,http://localhost:8080/favicon.ico/,1492081667,,200
f198fe,::1,GET,http://localhost:8080/vehicule/details/1,1492082918,,500
795b7b,::1,GET,http://localhost:8080/favicon.ico/,1492082919,,200
ca8e09,::1,GET,http://localhost:8080/vehicule/details/1,1492082932,,500
ffaefd,::1,GET,http://localhost:8080/favicon.ico/,1492082932,,200
5cad49,::1,GET,http://localhost:8080/favicon.ico/,1492082957,,200
0e3cf6,::1,GET,http://localhost:8080/vehicule/details/1,1492082973,,500
920d5d,::1,GET,http://localhost:8080/favicon.ico/,1492082973,,200
b06c17,::1,GET,http://localhost:8080/vehicule/details/1,1492083015,,500
5af762,::1,GET,http://localhost:8080/favicon.ico/,1492083016,,200
a9b36b,::1,GET,http://localhost:8080/vehicule/details/1,1492083144,,500
67ddb8,::1,GET,http://localhost:8080/favicon.ico/,1492083145,,200
af2019,::1,GET,http://localhost:8080/vehicule/details/1,1492083149,,500
f9f7b9,::1,GET,http://localhost:8080/favicon.ico/,1492083150,,200
04d81f,::1,GET,http://localhost:8080/vehicule/details/1,1492083223,,500
7a71f5,::1,GET,http://localhost:8080/favicon.ico/,1492083225,,200
5ee44c,::1,GET,http://localhost:8080/vehicule/details/1,1492083232,,500
5509c3,::1,GET,http://localhost:8080/favicon.ico/,1492083233,,200
b5a8a3,::1,GET,http://localhost:8080/vehicule/details/1,1492083244,,500
b8f382,::1,GET,http://localhost:8080/favicon.ico/,1492083245,,200
184f41,::1,GET,http://localhost:8080/vehicule/details/1,1492083253,,500
3eec25,::1,GET,http://localhost:8080/favicon.ico/,1492083253,,200
019683,::1,GET,http://localhost:8080/favicon.ico/,1492083263,,200
990364,::1,GET,http://localhost:8080/vehicule/details/1,1492083274,,500
4b2155,::1,GET,http://localhost:8080/favicon.ico/,1492083275,,200
df05d9,::1,GET,http://localhost:8080/vehicule/details/1,1492083291,,500
511a88,::1,GET,http://localhost:8080/favicon.ico/,1492083292,,200
95a63d,::1,GET,http://localhost:8080/favicon.ico/,1492083309,,200
602512,::1,GET,http://localhost:8080/vehicule/details/1,1492083323,,500
17cce4,::1,GET,http://localhost:8080/favicon.ico/,1492083324,,200
40bcdc,::1,GET,http://localhost:8080/favicon.ico/,1492083332,,200
cb4d75,::1,GET,http://localhost:8080/vehicule/details/1,1492083345,,500
1d9e78,::1,GET,http://localhost:8080/favicon.ico/,1492083346,,200
57cd29,::1,GET,http://localhost:8080/vehicule/details/1,1492083357,,500
be7ad1,::1,GET,http://localhost:8080/favicon.ico/,1492083357,,200
ce761c,::1,GET,http://localhost:8080/vehicule/details/1,1492083384,,500
f1c5f1,::1,GET,http://localhost:8080/favicon.ico/,1492083385,,200
f1800a,::1,GET,http://localhost:8080/vehicule/details/1,1492083435,,500
68ae53,::1,GET,http://localhost:8080/favicon.ico/,1492083436,,200
ec8dbf,::1,GET,http://localhost:8080/favicon.ico/,1492083590,,200
8fe12b,::1,GET,http://localhost:8080/vehicule/details/1,1492083600,,500
f8598f,::1,GET,http://localhost:8080/favicon.ico/,1492083601,,200
307248,::1,GET,http://localhost:8080/favicon.ico/,1492083613,,200
0a3dd5,::1,GET,http://localhost:8080/favicon.ico/,1492083661,,200
1b8612,::1,GET,http://localhost:8080/vehicule/details/1,1492083684,,500
a6f1fb,::1,GET,http://localhost:8080/favicon.ico/,1492083685,,200
ab5998,::1,GET,http://localhost:8080/vehicule/details/1,1492083690,,500
63f67a,::1,GET,http://localhost:8080/favicon.ico/,1492083691,,200
10059e,::1,GET,http://localhost:8080/vehicule/details/1,1492083702,,500
8a5e06,::1,GET,http://localhost:8080/favicon.ico/,1492083703,,200
53e491,::1,GET,http://localhost:8080/vehicule/details/1,1492083725,,200
576ba2,::1,GET,http://localhost:8080/font-awesome/css/font-awesome.min.css/,1492083726,,200
5470ce,::1,GET,http://localhost:8080/css/main.css/,1492083726,,200
17837e,::1,GET,http://localhost:8080/favicon.ico/,1492083727,,200
dc9984,::1,GET,http://localhost:8080/vehicule/details/1,1492083734,,200
f0d264,::1,GET,http://localhost:8080/font-awesome/css/font-awesome.min.css/,1492083734,,200
168e40,::1,GET,http://localhost:8080/css/main.css/,1492083735,,200
9810ea,::1,GET,http://localhost:8080/favicon.ico/,1492083736,,200
a54f44,::1,GET,http://localhost:8080/vehicule/details/1,1492083747,,500
33e394,::1,GET,http://localhost:8080/favicon.ico/,1492083748,,200
41630b,::1,GET,http://localhost:8080/favicon.ico/,1492083756,,200
e630e7,::1,GET,http://localhost:8080/favicon.ico/,1492083833,,200
37f930,::1,GET,http://localhost:8080/favicon.ico/,1492083861,,200
9a3d82,::1,GET,http://localhost:8080/favicon.ico/,1492083869,,200
7f55bb,::1,GET,http://localhost:8080/favicon.ico/,1492083874,,200
c2bdc8,::1,GET,http://localhost:8080/favicon.ico/,1492083895,,200
f1d8c5,::1,GET,http://localhost:8080/favicon.ico/,1492083901,,200
5a17c8,::1,GET,http://localhost:8080/favicon.ico/,1492083975,,200
ddf3a2,::1,GET,http://localhost:8080/favicon.ico/,1492084005,,200
f2009a,::1,GET,http://localhost:8080/favicon.ico/,1492084013,,200
161054,::1,GET,http://localhost:8080/vehicule/details/1,1492084018,,200
74a5ba,::1,GET,http://localhost:8080/font-awesome/css/font-awesome.min.css/,1492084019,,200
e9f490,::1,GET,http://localhost:8080/css/main.css/,1492084019,,200
56d5df,::1,GET,http://localhost:8080/images/1.jpg/,1492084019,,200
d8d605,::1,GET,http://localhost:8080/favicon.ico/,1492084020,,200
c96b56,::1,GET,http://localhost:8080/vehicule/details/1,1492084127,,500
9d12f1,::1,GET,http://localhost:8080/favicon.ico/,1492084128,,200
34eca5,::1,GET,http://localhost:8080/favicon.ico/,1492084135,,200
9cc859,::1,GET,http://localhost:8080/favicon.ico/,1492084163,,200
a824a6,::1,GET,http://localhost:8080/vehicule/details/1,1492084172,,200
11eb39,::1,GET,http://localhost:8080/font-awesome/css/font-awesome.min.css/,1492084172,,200
9d6a1a,::1,GET,http://localhost:8080/css/main.css/,1492084172,,200
dd7efd,::1,GET,http://localhost:8080/images/1.jpg/,1492084173,,200
034aa0,::1,GET,http://localhost:8080/favicon.ico/,1492084173,,200
200265,::1,GET,http://localhost:8080/vehicules,1492084196,,200
0ca637,::1,GET,http://localhost:8080/font-awesome/css/font-awesome.min.css/,1492084196,,200
7ac40a,::1,GET,http://localhost:8080/css/main.css/,1492084197,,200
407282,::1,GET,http://localhost:8080/images/1.jpg/,1492084197,,200
fe906a,::1,GET,http://localhost:8080/favicon.ico/,1492084198,,200
feb948,::1,GET,http://localhost:8080/vehicules,1492084232,,500
79dd7c,::1,GET,http://localhost:8080/favicon.ico/,1492084233,,200
06f389,::1,GET,http://localhost:8080/vehicules,1492084256,,200
1b2541,::1,GET,http://localhost:8080/font-awesome/css/font-awesome.min.css/,1492084257,,200
426c1f,::1,GET,http://localhost:8080/css/main.css/,1492084257,,200
f00ab2,::1,GET,http://localhost:8080/images/1.jpg/,1492084257,,200
7171f7,::1,GET,http://localhost:8080/favicon.ico/,1492084258,,200
474df6,::1,GET,http://localhost:8080/vehicules,1492084276,,200
9960c2,::1,GET,http://localhost:8080/font-awesome/css/font-awesome.min.css/,1492084276,,200
10ce58,::1,GET,http://localhost:8080/css/main.css/,1492084277,,200
a771c7,::1,GET,http://localhost:8080/images/1.jpg/,1492084277,,200
de35c7,::1,GET,http://localhost:8080/favicon.ico/,1492084278,,200
ec94fd,::1,GET,http://localhost:8080/,1492084300,,200
f30b72,::1,GET,http://localhost:8080/css/main.css/,1492084300,,200
800aa7,::1,GET,http://localhost:8080/font-awesome/css/font-awesome.min.css/,1492084300,,200
7fb3c1,::1,GET,http://localhost:8080/images/1.jpg/,1492084301,,200
a8b803,::1,GET,http://localhost:8080/favicon.ico/,1492084302,,200
bcc7b9,::1,GET,http://localhost:8080/vehicules,1492084303,,200
746d40,::1,GET,http://localhost:8080/css/main.css/,1492084303,,200
46cc06,::1,GET,http://localhost:8080/font-awesome/css/font-awesome.min.css/,1492084304,,200
8e4f9f,::1,GET,http://localhost:8080/images/1.jpg/,1492084304,,200
746c87,::1,GET,http://localhost:8080/favicon.ico/,1492084305,,200
3cbec0,::1,GET,http://localhost:8080/vehicules,1492084320,,200
780dac,::1,GET,http://localhost:8080/css/main.css/,1492084320,,200
2a0834,::1,GET,http://localhost:8080/font-awesome/css/font-awesome.min.css/,1492084320,,200
cb8bd1,::1,GET,http://localhost:8080/images/1.jpg/,1492084321,,200
ca8d95,::1,GET,http://localhost:8080/favicon.ico/,1492084321,,200
8f88e3,::1,GET,http://localhost:8080/vehicule/details/3,1492084322,,200
2cf486,::1,GET,http://localhost:8080/css/main.css/,1492084322,,200
c03b70,::1,GET,http://localhost:8080/font-awesome/css/font-awesome.min.css/,1492084322,,200
9b7fb3,::1,GET,http://localhost:8080/images/1.jpg/,1492084323,,200
c52946,::1,GET,http://localhost:8080/favicon.ico/,1492084324,,200
c361b8,::1,GET,http://localhost:8080/vehicules,1492084326,,200
94e6c3,::1,GET,http://localhost:8080/css/main.css/,1492084326,,200
8a7253,::1,GET,http://localhost:8080/font-awesome/css/font-awesome.min.css/,1492084327,,200
5d92d5,::1,GET,http://localhost:8080/images/1.jpg/,1492084327,,200
4e00f9,::1,GET,http://localhost:8080/favicon.ico/,1492084328,,200
a6b7c1,::1,GET,http://localhost:8080/vehicule/details/1,1492084329,,200
8e86cc,::1,GET,http://localhost:8080/css/main.css/,1492084329,,200
ff50bf,::1,GET,http://localhost:8080/font-awesome/css/font-awesome.min.css/,1492084329,,200
42ef78,::1,GET,http://localhost:8080/images/1.jpg/,1492084330,,200
13f386,::1,GET,http://localhost:8080/favicon.ico/,1492084331,,200
9d0e6b,::1,GET,http://localhost:8080/images/1.jpg/,1492084331,,200
8a4d9f,::1,GET,http://localhost:8080/favicon.ico/,1492084331,,200
541c4b,::1,GET,http://localhost:8080/vehicule/details/3,1492084332,,200
97ce2a,::1,GET,http://localhost:8080/css/main.css/,1492084332,,200
c62a82,::1,GET,http://localhost:8080/font-awesome/css/font-awesome.min.css/,1492084333,,200
61c674,::1,GET,http://localhost:8080/images/1.jpg/,1492084333,,200
681416,::1,GET,http://localhost:8080/favicon.ico/,1492084334,,200
6a4633,::1,GET,http://localhost:8080/images/1.jpg/,1492084339,,200
3bbf6b,::1,GET,http://localhost:8080/favicon.ico/,1492084340,,200
2fc278,::1,GET,http://localhost:8080/vehicule/details/1,1492084344,,200
35ad05,::1,GET,http://localhost:8080/css/main.css/,1492084345,,200
121fd8,::1,GET,http://localhost:8080/font-awesome/css/font-awesome.min.css/,1492084345,,200
4f6225,::1,GET,http://localhost:8080/images/1.jpg/,1492084345,,200
1b478a,::1,GET,http://localhost:8080/favicon.ico/,1492084346,,200
14f8c1,::1,GET,http://localhost:8080/images/1.jpg/,1492084347,,200
a6104a,::1,GET,http://localhost:8080/favicon.ico/,1492084348,,200
42324a,::1,GET,http://localhost:8080/vehicule/details/3,1492084349,,200
c6c9c0,::1,GET,http://localhost:8080/css/main.css/,1492084349,,200
473be9,::1,GET,http://localhost:8080/font-awesome/css/font-awesome.min.css/,1492084349,,200
fcc0d8,::1,GET,http://localhost:8080/images/1.jpg/,1492084350,,200
981d9a,::1,GET,http://localhost:8080/favicon.ico/,1492084351,,200
98da4e,::1,GET,http://localhost:8080/images/1.jpg/,1492084352,,200
912790,::1,GET,http://localhost:8080/favicon.ico/,1492084352,,200
bd883a,::1,GET,http://localhost:8080/vehicules,1492084363,,200
d6318c,::1,GET,http://localhost:8080/font-awesome/css/font-awesome.min.css/,1492084363,,200
d529ac,::1,GET,http://localhost:8080/css/main.css/,1492084364,,200
a6b3fe,::1,GET,http://localhost:8080/images/1.jpg/,1492084366,,200
7bd289,::1,GET,http://localhost:8080/vehicule/details/3,1492084370,,200
20aaf4,::1,GET,http://localhost:8080/font-awesome/css/font-awesome.min.css/,1492084371,,200
af62ac,::1,GET,http://localhost:8080/css/main.css/,1492084371,,200
1ca456,::1,GET,http://localhost:8080/images/1.jpg/,1492084371,,200
e2c5f5,::1,GET,http://localhost:8080/images/1.jpg/,1492084404,,200
56608a,::1,GET,http://localhost:8080/vehicule/details/1,1492084424,,200
c07d9e,::1,GET,http://localhost:8080/font-awesome/css/font-awesome.min.css/,1492084424,,200
9d4f39,::1,GET,http://localhost:8080/css/main.css/,1492084424,,200
b9e62d,::1,GET,http://localhost:8080/images/1.jpg/,1492084425,,200
6cae08,::1,GET,http://localhost:8080/favicon.ico/,1492084426,,200
2e5dbc,::1,GET,http://localhost:8080/favicon.ico/,1492084432,,200
e6e228,::1,GET,http://localhost:8080/favicon.ico/,1492084450,,200
7c48d6,::1,GET,http://localhost:8080/favicon.ico/,1492084478,,200
d84e80,::1,GET,http://localhost:8080/favicon.ico/,1492084496,,200
65f4c9,::1,GET,http://localhost:8080/favicon.ico/,1492084501,,200
8fd853,::1,GET,http://localhost:8080/vehicules,1492084525,,500
323c21,::1,GET,http://localhost:8080/favicon.ico/,1492084526,,200
4d6e00,::1,GET,http://localhost:8080/favicon.ico/,1492084534,,200
30bde2,::1,GET,http://localhost:8080/vehicules,1492084541,,200
c1f282,::1,GET,http://localhost:8080/font-awesome/css/font-awesome.min.css/,1492084541,,200
55b77b,::1,GET,http://localhost:8080/css/main.css/,1492084541,,200
22f9e7,::1,GET,http://localhost:8080/images/1.jpg/,1492084542,,200
ff26d3,::1,GET,http://localhost:8080/favicon.ico/,1492084565,,200
c3ed81,::1,GET,http://localhost:8080/favicon.ico/,1492084579,,200
d956c7,::1,GET,http://localhost:8080/favicon.ico/,1492084587,,200
407943,::1,GET,http://localhost:8080/vehicules,1492084653,,200
3641d6,::1,GET,http://localhost:8080/font-awesome/css/font-awesome.min.css/,1492084653,,200
fb75bc,::1,GET,http://localhost:8080/css/main.css/,1492084654,,200
b465b4,::1,GET,http://localhost:8080/images/1.jpg/,1492084654,,200
5f1af0,::1,GET,http://localhost:8080/favicon.ico/,1492084682,,200
c8f6cb,::1,GET,http://localhost:8080/mes-vehicules,1492084700,,200
f35f02,::1,GET,http://localhost:8080/font-awesome/css/font-awesome.min.css/,1492084700,,200
a500f8,::1,GET,http://localhost:8080/css/main.css/,1492084701,,200
abe092,::1,GET,http://localhost:8080/images/1.jpg/,1492084701,,200
93b9c8,::1,GET,http://localhost:8080/favicon.ico/,1492084702,,200
4d5c60,::1,GET,http://localhost:8080/mes-vehicules,1492084795,,500
c9bf12,::1,GET,http://localhost:8080/favicon.ico/,1492084796,,200
8f5005,::1,GET,http://localhost:8080/mes-vehicules,1492084816,,500
6d9b84,::1,GET,http://localhost:8080/favicon.ico/,1492084817,,200
aa4716,::1,GET,http://localhost:8080/mes-vehicules,1492084839,,500
eb6cba,::1,GET,http://localhost:8080/favicon.ico/,1492084840,,200
3a76ee,::1,GET,http://localhost:8080/mes-vehicules,1492084860,,200
de8015,::1,GET,http://localhost:8080/css/main.css/,1492084860,,200
49498d,::1,GET,http://localhost:8080/font-awesome/css/font-awesome.min.css/,1492084860,,200
88bf91,::1,GET,http://localhost:8080/images/1.jpg/,1492084860,,200
2b09e6,::1,GET,http://localhost:8080/favicon.ico/,1492084861,,200
43d655,::1,GET,http://localhost:8080/mes-vehicules,1492084874,,200
4a3f70,::1,GET,http://localhost:8080/css/main.css/,1492084875,,200
e2ac6b,::1,GET,http://localhost:8080/font-awesome/css/font-awesome.min.css/,1492084875,,200
4ce9d4,::1,GET,http://localhost:8080/images/1.jpg/,1492084875,,200
88a7c1,::1,GET,http://localhost:8080/favicon.ico/,1492084876,,200
6cd0b2,::1,GET,http://localhost:8080/mes-vehicules,1492084878,,200
fd6121,::1,GET,http://localhost:8080/css/main.css/,1492084878,,200
86a520,::1,GET,http://localhost:8080/font-awesome/css/font-awesome.min.css/,1492084879,,200
e15890,::1,GET,http://localhost:8080/images/1.jpg/,1492084879,,200
269cdd,::1,GET,http://localhost:8080/favicon.ico/,1492084880,,200
dcc6c3,::1,GET,http://localhost:8080/mes-vehicules,1492084919,,200
4b1515,::1,GET,http://localhost:8080/css/main.css/,1492084920,,200
e46be5,::1,GET,http://localhost:8080/font-awesome/css/font-awesome.min.css/,1492084920,,200
37500f,::1,GET,http://localhost:8080/images/1.jpg/,1492084920,,200
950811,::1,GET,http://localhost:8080/favicon.ico/,1492084921,,200
6fb2d6,::1,GET,http://localhost:8080/vehicules,1492084931,,200
339cb3,::1,GET,http://localhost:8080/css/main.css/,1492084932,,200
b89c2a,::1,GET,http://localhost:8080/font-awesome/css/font-awesome.min.css/,1492084932,,200
be18ef,::1,GET,http://localhost:8080/images/1.jpg/,1492084932,,200
d8ee95,::1,GET,http://localhost:8080/favicon.ico/,1492084933,,200
9304aa,::1,GET,http://localhost:8080/vehicules,1492084987,,500
1ea46f,::1,GET,http://localhost:8080/favicon.ico/,1492084987,,200
ffc73d,::1,GET,http://localhost:8080/vehicules,1492085006,,200
47237d,::1,GET,http://localhost:8080/css/main.css/,1492085006,,200
e665b4,::1,GET,http://localhost:8080/font-awesome/css/font-awesome.min.css/,1492085007,,200
837b2f,::1,GET,http://localhost:8080/images/1.jpg/,1492085007,,200
db9e50,::1,GET,http://localhost:8080/favicon.ico/,1492085008,,200
fe7922,::1,GET,http://localhost:8080/vehicule/details/1,1492085010,,200
29068e,::1,GET,http://localhost:8080/css/main.css/,1492085011,,200
e2640c,::1,GET,http://localhost:8080/font-awesome/css/font-awesome.min.css/,1492085011,,200
452eda,::1,GET,http://localhost:8080/images/1.jpg/,1492085011,,200
cf1625,::1,GET,http://localhost:8080/favicon.ico/,1492085012,,200
efeb08,::1,GET,http://localhost:8080/account,1492085014,,200
fb04b3,::1,GET,http://localhost:8080/css/main.css/,1492085015,,200
ab3cfe,::1,GET,http://localhost:8080/font-awesome/css/font-awesome.min.css/,1492085015,,200
02252e,::1,GET,http://localhost:8080/favicon.ico/,1492085016,,200
4efd52,::1,GET,http://localhost:8080/location/pending,1492085018,,200
ac48b9,::1,GET,http://localhost:8080/css/main.css/,1492085018,,200
f69844,::1,GET,http://localhost:8080/font-awesome/css/font-awesome.min.css/,1492085018,,200
376bb3,::1,GET,http://localhost:8080/favicon.ico/,1492085019,,200
bceec1,::1,GET,http://localhost:8080/location/new?cars_id=1&date_end=06%2F05%2F2017&date_start=06%2F05%2F2017,1492085027,,302
10c78b,::1,GET,http://localhost:8080/vehicule/details/1,1492085027,,200
87551f,::1,GET,http://localhost:8080/css/main.css/,1492085027,,200
61bdd3,::1,GET,http://localhost:8080/font-awesome/css/font-awesome.min.css/,1492085028,,200
eb36e2,::1,GET,http://localhost:8080/images/1.jpg/,1492085028,,200
79d5e8,::1,GET,http://localhost:8080/favicon.ico/,1492085029,,200
7ca7b3,::1,GET,http://localhost:8080/location/pending,1492085037,,200
193796,::1,GET,http://localhost:8080/css/main.css/,1492085038,,200
46f624,::1,GET,http://localhost:8080/font-awesome/css/font-awesome.min.css/,1492085038,,200
045fbf,::1,GET,http://localhost:8080/favicon.ico/,1492085039,,200
11b29f,::1,GET,http://localhost:8080/location/pending,1492085201,,500
c16920,::1,GET,http://localhost:8080/favicon.ico/,1492085202,,200
d14cc7,::1,GET,http://localhost:8080/location/pending,1492085208,,500
7086ef,::1,GET,http://localhost:8080/favicon.ico/,1492085209,,200
307e44,::1,GET,http://localhost:8080/favicon.ico/,1492085218,,200
0c42ab,::1,GET,http://localhost:8080/location/pending,1492085232,,500
6984a9,::1,GET,http://localhost:8080/favicon.ico/,1492085233,,200
b586fb,::1,GET,http://localhost:8080/location/pending,1492085259,,500
dbe1c3,::1,GET,http://localhost:8080/favicon.ico/,1492085260,,200
15a466,::1,GET,http://localhost:8080/location/pending,1492085270,,200
3c7b7e,::1,GET,http://localhost:8080/css/main.css/,1492085270,,200
67490d,::1,GET,http://localhost:8080/font-awesome/css/font-awesome.min.css/,1492085271,,200
19b447,::1,GET,http://localhost:8080/location/images/1.jpg,1492085271,,404
3763af,::1,GET,http://localhost:8080/favicon.ico/,1492085272,,200
40630d,::1,GET,http://localhost:8080/favicon.ico/,1492085506,,200
6b1410,::1,GET,http://localhost:8080/location/pending,1492085513,,500
250048,::1,GET,http://localhost:8080/favicon.ico/,1492085514,,200
2077f6,::1,GET,http://localhost:8080/location/pending,1492085522,,200
8c1ce8,::1,GET,http://localhost:8080/css/main.css/,1492085522,,200
92ac07,::1,GET,http://localhost:8080/font-awesome/css/font-awesome.min.css/,1492085522,,200
d9476a,::1,GET,http://localhost:8080/location/images/1.jpg,1492085522,,404
acd8a1,::1,GET,http://localhost:8080/favicon.ico/,1492085523,,200
aeffa5,::1,GET,http://localhost:8080/location/pending,1492085539,,200
9d69e6,::1,GET,http://localhost:8080/css/main.css/,1492085539,,200
2f970b,::1,GET,http://localhost:8080/font-awesome/css/font-awesome.min.css/,1492085540,,200
44055f,::1,GET,http://localhost:8080/location/images/1.jpg,1492085540,,404
5b92cb,::1,GET,http://localhost:8080/favicon.ico/,1492085541,,200
84b72b,::1,GET,http://localhost:8080/location/pending,1492085556,,200
6a86b4,::1,GET,http://localhost:8080/css/main.css/,1492085557,,200
59afb5,::1,GET,http://localhost:8080/font-awesome/css/font-awesome.min.css/,1492085557,,200
498af5,::1,GET,http://localhost:8080/favicon.ico/,1492085558,,200
9a9b32,::1,GET,http://localhost:8080/location/pending,1492085594,,200
28299f,::1,GET,http://localhost:8080/font-awesome/css/font-awesome.min.css/,1492085595,,200
355bcb,::1,GET,http://localhost:8080/css/main.css/,1492085595,,200
74938c,::1,GET,http://localhost:8080/location/images/1.jpg,1492085595,,404
67c9eb,::1,GET,http://localhost:8080/favicon.ico/,1492085596,,200
32f27d,::1,GET,http://localhost:8080/favicon.ico/,1492085608,,200
6a21ea,::1,GET,http://localhost:8080/location/pending,1492085631,,200
cb146d,::1,GET,http://localhost:8080/font-awesome/css/font-awesome.min.css/,1492085631,,200
157c8f,::1,GET,http://localhost:8080/css/main.css/,1492085631,,200
0f2100,::1,GET,http://localhost:8080/location/images/1.jpg,1492085632,,404
115e5c,::1,GET,http://localhost:8080/favicon.ico/,1492085632,,200
429283,::1,GET,http://localhost:8080/favicon.ico/,1492085652,,200
7cc2f4,::1,GET,http://localhost:8080/favicon.ico/,1492085734,,200
4eeac9,::1,GET,http://localhost:8080/location/pending,1492085764,,200
2a3cbb,::1,GET,http://localhost:8080/font-awesome/css/font-awesome.min.css/,1492085764,,200
09b4c5,::1,GET,http://localhost:8080/css/main.css/,1492085765,,200
a0a2cb,::1,GET,http://localhost:8080/location/images/1.jpg,1492085765,,404
2e77c9,::1,GET,http://localhost:8080/favicon.ico/,1492085766,,200
83ad89,::1,GET,http://localhost:8080/location/pending,1492085773,,200
80f0cf,::1,GET,http://localhost:8080/font-awesome/css/font-awesome.min.css/,1492085773,,200
dd519e,::1,GET,http://localhost:8080/css/main.css/,1492085774,,200
1b0e9d,::1,GET,http://localhost:8080/location/images/1.jpg,1492085774,,404
e9e189,::1,GET,http://localhost:8080/favicon.ico/,1492085775,,200
cb50e1,::1,GET,http://localhost:8080/location/pending,1492085817,,200
442704,::1,GET,http://localhost:8080/font-awesome/css/font-awesome.min.css/,1492085818,,200
f11398,::1,GET,http://localhost:8080/css/main.css/,1492085818,,200
96e259,::1,GET,http://localhost:8080/location/images/1.jpg,1492085818,,404
f59e88,::1,GET,http://localhost:8080/favicon.ico/,1492085819,,200
12dbe9,::1,GET,http://localhost:8080/location/pending,1492085851,,200
d142c5,::1,GET,http://localhost:8080/font-awesome/css/font-awesome.min.css/,1492085851,,200
3517ba,::1,GET,http://localhost:8080/css/main.css/,1492085851,,200
c49137,::1,GET,http://localhost:8080/location/images/1.jpg,1492085851,,404
4dfca9,::1,GET,http://localhost:8080/favicon.ico/,1492085852,,200
3e285a,::1,GET,http://localhost:8080/favicon.ico/,1492085855,,200
d436bc,::1,GET,http://localhost:8080/favicon.ico/,1492085857,,200
a35d84,::1,GET,http://localhost:8080/vehicule/details/2,1492085858,,200
4a82ae,::1,GET,http://localhost:8080/css/main.css/,1492085859,,200
1a715b,::1,GET,http://localhost:8080/font-awesome/css/font-awesome.min.css/,1492085859,,200
d28e86,::1,GET,http://localhost:8080/images/1.jpg/,1492085859,,200
d1e73b,::1,GET,http://localhost:8080/favicon.ico/,1492085860,,200
2db336,::1,GET,http://localhost:8080/location/new?cars_id=3&date_end=05%2F05%2F2017&date_start=06%2F05%2F2017,1492085868,,302
460358,::1,GET,http://localhost:8080/vehicule/details/3,1492085868,,200
2a523e,::1,GET,http://localhost:8080/css/main.css/,1492085868,,200
194dab,::1,GET,http://localhost:8080/font-awesome/css/font-awesome.min.css/,1492085869,,200
5299a6,::1,GET,http://localhost:8080/images/1.jpg/,1492085869,,200
6c88d3,::1,GET,http://localhost:8080/favicon.ico/,1492085870,,200
53521f,::1,GET,http://localhost:8080/location/pending,1492085870,,200
6cadf7,::1,GET,http://localhost:8080/css/main.css/,1492085870,,200
9b45e0,::1,GET,http://localhost:8080/font-awesome/css/font-awesome.min.css/,1492085871,,200
7c0e90,::1,GET,http://localhost:8080/location/images/1.jpg,1492085871,,404
4d11e1,::1,GET,http://localhost:8080/favicon.ico/,1492085872,,200
9e8db0,::1,GET,http://localhost:8080/location/pending,1492085907,,200
c73a0e,::1,GET,http://localhost:8080/font-awesome/css/font-awesome.min.css/,1492085908,,200
481fc3,::1,GET,http://localhost:8080/css/main.css/,1492085908,,200
da1b5a,::1,GET,http://localhost:8080/location/images/1.jpg,1492085908,,404
37f00b,::1,GET,http://localhost:8080/favicon.ico/,1492085909,,200
b0a40f,::1,GET,http://localhost:8080/location/pending,1492085922,,200
9cafe0,::1,GET,http://localhost:8080/font-awesome/css/font-awesome.min.css/,1492085923,,200
ff86f5,::1,GET,http://localhost:8080/css/main.css/,1492085923,,200
8e42f1,::1,GET,http://localhost:8080/location/images/1.jpg,1492085923,,404
d96ea6,::1,GET,http://localhost:8080/favicon.ico/,1492085924,,200
2e8533,::1,GET,http://localhost:8080/location/pending,1492085935,,200
19ee47,::1,GET,http://localhost:8080/font-awesome/css/font-awesome.min.css/,1492085935,,200
7c2bcd,::1,GET,http://localhost:8080/css/main.css/,1492085935,,200
6e6a19,::1,GET,http://localhost:8080/location/images/1.jpg,1492085936,,404
577dea,::1,GET,http://localhost:8080/favicon.ico/,1492085937,,200
38ecde,::1,GET,http://localhost:8080/location/valid/10,1492085939,,302
fe92f4,::1,GET,http://localhost:8080/location/en-cours,1492085940,,200
d85c58,::1,GET,http://localhost:8080/css/main.css/,1492085940,,200
ca9e9f,::1,GET,http://localhost:8080/font-awesome/css/font-awesome.min.css/,1492085940,,200
dc3172,::1,GET,http://localhost:8080/favicon.ico/,1492085941,,200
bfed5e,::1,GET,http://localhost:8080/location/en-cours,1492085974,,200
770f3a,::1,GET,http://localhost:8080/font-awesome/css/font-awesome.min.css/,1492085974,,200
2d75c2,::1,GET,http://localhost:8080/css/main.css/,1492085974,,200
46a30d,::1,GET,http://localhost:8080/location/images/1.jpg,1492085974,,404
c23404,::1,GET,http://localhost:8080/favicon.ico/,1492085975,,200
5ea3c9,::1,GET,http://localhost:8080/location/terminees,1492085986,,200
857549,::1,GET,http://localhost:8080/css/main.css/,1492085987,,200
523ab3,::1,GET,http://localhost:8080/font-awesome/css/font-awesome.min.css/,1492085987,,200
4a69ae,::1,GET,http://localhost:8080/location/images/1.jpg,1492085987,,404
eb67e8,::1,GET,http://localhost:8080/favicon.ico/,1492085988,,200
48cd9e,::1,GET,http://localhost:8080/location/terminees,1492086037,,200
8c057b,::1,GET,http://localhost:8080/font-awesome/css/font-awesome.min.css/,1492086037,,200
22aae1,::1,GET,http://localhost:8080/css/main.css/,1492086037,,200
189684,::1,GET,http://localhost:8080/favicon.ico/,1492086038,,200
53c685,::1,GET,http://localhost:8080/location/pending,1492086060,,200
362474,::1,GET,http://localhost:8080/css/main.css/,1492086060,,200
e4980b,::1,GET,http://localhost:8080/font-awesome/css/font-awesome.min.css/,1492086061,,200
366ef9,::1,GET,http://localhost:8080/location/images/1.jpg,1492086061,,404
f73bba,::1,GET,http://localhost:8080/favicon.ico/,1492086062,,200
656401,::1,GET,http://localhost:8080/location/en-cours,1492086062,,200
941a66,::1,GET,http://localhost:8080/css/main.css/,1492086062,,200
2f2cf5,::1,GET,http://localhost:8080/font-awesome/css/font-awesome.min.css/,1492086063,,200
11a909,::1,GET,http://localhost:8080/location/images/1.jpg,1492086063,,404
31aaa6,::1,GET,http://localhost:8080/favicon.ico/,1492086064,,200
d2f27b,::1,GET,http://localhost:8080/location/pending,1492086090,,200
cc0dad,::1,GET,http://localhost:8080/css/main.css/,1492086090,,200
38545c,::1,GET,http://localhost:8080/font-awesome/css/font-awesome.min.css/,1492086091,,200
f3136d,::1,GET,http://localhost:8080/location/images/1.jpg,1492086091,,404
cebd40,::1,GET,http://localhost:8080/favicon.ico/,1492086092,,200
42949d,::1,GET,http://localhost:8080/location/en-cours,1492086093,,200
b59af7,::1,GET,http://localhost:8080/css/main.css/,1492086093,,200
9927f6,::1,GET,http://localhost:8080/font-awesome/css/font-awesome.min.css/,1492086093,,200
b00024,::1,GET,http://localhost:8080/location/images/1.jpg,1492086094,,404
f03553,::1,GET,http://localhost:8080/favicon.ico/,1492086095,,200
7be620,::1,GET,http://localhost:8080/location/en-cours,1492086105,,200
a36df8,::1,GET,http://localhost:8080/css/main.css/,1492086105,,200
f8e583,::1,GET,http://localhost:8080/font-awesome/css/font-awesome.min.css/,1492086106,,200
efc818,::1,GET,http://localhost:8080/favicon.ico/,1492086107,,200
4f33b4,::1,GET,http://localhost:8080/location/en-cours,1492086107,,200
4c32c9,::1,GET,http://localhost:8080/css/main.css/,1492086107,,200
e52ae1,::1,GET,http://localhost:8080/font-awesome/css/font-awesome.min.css/,1492086107,,200
280216,::1,GET,http://localhost:8080/favicon.ico/,1492086108,,200
a7b307,::1,GET,http://localhost:8080/location/terminees,1492086109,,200
e2129b,::1,GET,http://localhost:8080/css/main.css/,1492086109,,200
8548ce,::1,GET,http://localhost:8080/font-awesome/css/font-awesome.min.css/,1492086109,,200
bf8be1,::1,GET,http://localhost:8080/location/images/1.jpg,1492086109,,404
a1ea76,::1,GET,http://localhost:8080/favicon.ico/,1492086110,,200
9442a8,::1,GET,http://localhost:8080/location/en-cours,1492086111,,200
9ae1ef,::1,GET,http://localhost:8080/css/main.css/,1492086112,,200
4e0d78,::1,GET,http://localhost:8080/font-awesome/css/font-awesome.min.css/,1492086112,,200
67388b,::1,GET,http://localhost:8080/favicon.ico/,1492086113,,200
6c4868,::1,GET,http://localhost:8080/location/pending,1492086113,,200
5a7b73,::1,GET,http://localhost:8080/css/main.css/,1492086113,,200
7e8dcf,::1,GET,http://localhost:8080/font-awesome/css/font-awesome.min.css/,1492086114,,200
696b44,::1,GET,http://localhost:8080/location/images/1.jpg,1492086114,,404
050b86,::1,GET,http://localhost:8080/favicon.ico/,1492086115,,200
8e1bad,::1,GET,http://localhost:8080/location/refused/10,1492086116,,302
dfe8cf,::1,GET,http://localhost:8080/location/pending,1492086116,,200
14d32b,::1,GET,http://localhost:8080/css/main.css/,1492086116,,200
90307b,::1,GET,http://localhost:8080/font-awesome/css/font-awesome.min.css/,1492086117,,200
aafbfa,::1,GET,http://localhost:8080/location/images/1.jpg,1492086117,,404
fe1eab,::1,GET,http://localhost:8080/favicon.ico/,1492086118,,200
bf8c1d,::1,GET,http://localhost:8080/location/refused/10,1492086119,,302
24e11a,::1,GET,http://localhost:8080/location/pending,1492086119,,200
e22b65,::1,GET,http://localhost:8080/css/main.css/,1492086119,,200
02dcfa,::1,GET,http://localhost:8080/font-awesome/css/font-awesome.min.css/,1492086120,,200
b7c5b8,::1,GET,http://localhost:8080/location/images/1.jpg,1492086120,,404
e00cdd,::1,GET,http://localhost:8080/favicon.ico/,1492086121,,200
043540,::1,GET,http://localhost:8080/location/refused/10,1492086149,,302
13c171,::1,GET,http://localhost:8080/location/pending,1492086150,,200
1d18ce,::1,GET,http://localhost:8080/css/main.css/,1492086150,,200
b84a08,::1,GET,http://localhost:8080/font-awesome/css/font-awesome.min.css/,1492086150,,200
55c397,::1,GET,http://localhost:8080/location/images/1.jpg,1492086150,,404
e5f4e9,::1,GET,http://localhost:8080/favicon.ico/,1492086151,,200
1e797c,::1,GET,http://localhost:8080/favicon.ico/,1492086260,,200
299c7b,::1,GET,http://localhost:8080/location/pending,1492086357,,200
effffa,::1,GET,http://localhost:8080/font-awesome/css/font-awesome.min.css/,1492086358,,200
6de8c1,::1,GET,http://localhost:8080/css/main.css/,1492086358,,200
d46fb8,::1,GET,http://localhost:8080/location/images/1.jpg,1492086358,,404
dfc9d3,::1,GET,http://localhost:8080/favicon.ico/,1492086359,,200
40b7fd,::1,GET,http://localhost:8080/location/pending,1492086408,,500
2101d2,::1,GET,http://localhost:8080/favicon.ico/,1492086409,,200
ff93f1,::1,GET,http://localhost:8080/favicon.ico/,1492086423,,200
61360f,::1,GET,http://localhost:8080/favicon.ico/,1492086476,,200
aac7ee,::1,GET,http://localhost:8080/location/pending,1492086492,,500
a07afc,::1,GET,http://localhost:8080/favicon.ico/,1492086493,,200
5862fc,::1,GET,http://localhost:8080/location/pending,1492086507,,500
7a9776,::1,GET,http://localhost:8080/favicon.ico/,1492086508,,200
073b8a,::1,GET,http://localhost:8080/location/pending,1492086515,,500
a27bae,::1,GET,http://localhost:8080/favicon.ico/,1492086516,,200
361a56,::1,GET,http://localhost:8080/location/pending,1492086523,,500
bb0532,::1,GET,http://localhost:8080/favicon.ico/,1492086524,,200
f5dcfb,::1,GET,http://localhost:8080/favicon.ico/,1492086530,,200
c31602,::1,GET,http://localhost:8080/location/pending,1492086538,,200
676096,::1,GET,http://localhost:8080/font-awesome/css/font-awesome.min.css/,1492086538,,200
f1011d,::1,GET,http://localhost:8080/css/main.css/,1492086538,,200
af1bd0,::1,GET,http://localhost:8080/location/images/1.jpg,1492086538,,404
42532a,::1,GET,http://localhost:8080/favicon.ico/,1492086539,,200
872fdd,::1,GET,http://localhost:8080/location/pending,1492086549,,200
70942d,::1,GET,http://localhost:8080/font-awesome/css/font-awesome.min.css/,1492086549,,200
4228a1,::1,GET,http://localhost:8080/css/main.css/,1492086550,,200
9062fe,::1,GET,http://localhost:8080/location/images/1.jpg,1492086550,,404
160be7,::1,GET,http://localhost:8080/favicon.ico/,1492086551,,200
117d03,::1,GET,http://localhost:8080/location/pending,1492086562,,200
530820,::1,GET,http://localhost:8080/font-awesome/css/font-awesome.min.css/,1492086562,,200
ce1286,::1,GET,http://localhost:8080/css/main.css/,1492086563,,200
1a8c10,::1,GET,http://localhost:8080/location/images/1.jpg,1492086563,,404
65e8ac,::1,GET,http://localhost:8080/favicon.ico/,1492086564,,200
db1d95,::1,GET,http://localhost:8080/location/valid/3,1492086564,,302
7fd71c,::1,GET,http://localhost:8080/location/en-cours,1492086565,,200
4281c3,::1,GET,http://localhost:8080/css/main.css/,1492086565,,200
783dda,::1,GET,http://localhost:8080/font-awesome/css/font-awesome.min.css/,1492086565,,200
a83b72,::1,GET,http://localhost:8080/location/images/1.jpg,1492086565,,404
1ed0d9,::1,GET,http://localhost:8080/favicon.ico/,1492086566,,200
689de4,::1,GET,http://localhost:8080/location/pending,1492086567,,200
d9872e,::1,GET,http://localhost:8080/css/main.css/,1492086567,,200
585291,::1,GET,http://localhost:8080/font-awesome/css/font-awesome.min.css/,1492086567,,200
f35f65,::1,GET,http://localhost:8080/location/images/1.jpg,1492086568,,404
9fe55d,::1,GET,http://localhost:8080/favicon.ico/,1492086568,,200
9f9098,::1,GET,http://localhost:8080/location/terminees,1492086569,,200
65bc34,::1,GET,http://localhost:8080/css/main.css/,1492086569,,200
c57bc7,::1,GET,http://localhost:8080/font-awesome/css/font-awesome.min.css/,1492086569,,200
588b53,::1,GET,http://localhost:8080/location/images/1.jpg,1492086569,,404
99ab05,::1,GET,http://localhost:8080/favicon.ico/,1492086570,,200
50073a,::1,GET,http://localhost:8080/location/pending,1492086571,,200
713883,::1,GET,http://localhost:8080/css/main.css/,1492086571,,200
07b342,::1,GET,http://localhost:8080/font-awesome/css/font-awesome.min.css/,1492086571,,200
27a1ee,::1,GET,http://localhost:8080/location/images/1.jpg,1492086571,,404
47aae5,::1,GET,http://localhost:8080/favicon.ico/,1492086573,,200
